﻿<?xml version="1.0" encoding="utf-8"?>
<TextureAtlas imagePath="bfPixel.png">
	<!-- Created with Adobe Animate version 20.0.0.17400 -->
	<!-- http://www.adobe.com/products/animate.html -->
	<SubTexture name="BF DOWN MISS instance 10000" x="166" y="0" width="73" height="73"/>
	<SubTexture name="BF DOWN MISS instance 10001" x="0" y="0" width="73" height="73"/>
	<SubTexture name="BF DOWN MISS instance 10002" x="0" y="0" width="73" height="73"/>
	<SubTexture name="BF DOWN MISS instance 10003" x="83" y="0" width="73" height="73"/>
	<SubTexture name="BF DOWN MISS instance 10004" x="83" y="0" width="73" height="73"/>
	<SubTexture name="BF DOWN MISS instance 10005" x="83" y="0" width="73" height="73"/>
	<SubTexture name="BF DOWN MISS instance 10006" x="83" y="0" width="73" height="73"/>
	<SubTexture name="BF DOWN MISS instance 10007" x="83" y="0" width="73" height="73"/>
	<SubTexture name="BF DOWN MISS instance 10008" x="83" y="0" width="73" height="73"/>
	<SubTexture name="BF DOWN MISS instance 10009" x="83" y="0" width="73" height="73"/>
	<SubTexture name="BF DOWN MISS instance 10010" x="83" y="0" width="73" height="73"/>
	<SubTexture name="BF DOWN MISS instance 10011" x="83" y="0" width="73" height="73"/>
	<SubTexture name="BF DOWN MISS instance 10012" x="83" y="0" width="73" height="73"/>
	<SubTexture name="BF DOWN MISS instance 10013" x="83" y="0" width="73" height="73"/>
	<SubTexture name="BF DOWN NOTE instance 10000" x="166" y="0" width="73" height="73"/>
	<SubTexture name="BF DOWN NOTE instance 10001" x="166" y="0" width="73" height="73"/>
	<SubTexture name="BF DOWN NOTE instance 10002" x="249" y="0" width="73" height="73"/>
	<SubTexture name="BF DOWN NOTE instance 10003" x="249" y="0" width="73" height="73"/>
	<SubTexture name="BF DOWN NOTE instance 10004" x="249" y="0" width="73" height="73"/>
	<SubTexture name="BF DOWN NOTE instance 10005" x="249" y="0" width="73" height="73"/>
	<SubTexture name="BF DOWN NOTE instance 10006" x="249" y="0" width="73" height="73"/>
	<SubTexture name="BF DOWN NOTE instance 10007" x="249" y="0" width="73" height="73"/>
	<SubTexture name="BF DOWN NOTE instance 10008" x="249" y="0" width="73" height="73"/>
	<SubTexture name="BF DOWN NOTE instance 10009" x="249" y="0" width="73" height="73"/>
	<SubTexture name="BF DOWN NOTE instance 10010" x="249" y="0" width="73" height="73"/>
	<SubTexture name="BF DOWN NOTE instance 10011" x="249" y="0" width="73" height="73"/>
	<SubTexture name="BF DOWN NOTE instance 10012" x="249" y="0" width="73" height="73"/>
	<SubTexture name="BF DOWN NOTE instance 10013" x="249" y="0" width="73" height="73"/>
	<SubTexture name="BF IDLE instance 10000" x="332" y="0" width="73" height="73"/>
	<SubTexture name="BF IDLE instance 10001" x="332" y="0" width="73" height="73"/>
	<SubTexture name="BF IDLE instance 10002" x="415" y="0" width="73" height="73"/>
	<SubTexture name="BF IDLE instance 10003" x="415" y="0" width="73" height="73"/>
	<SubTexture name="BF IDLE instance 10004" x="0" y="83" width="73" height="73"/>
	<SubTexture name="BF IDLE instance 10005" x="0" y="83" width="73" height="73"/>
	<SubTexture name="BF IDLE instance 10006" x="83" y="83" width="73" height="73"/>
	<SubTexture name="BF IDLE instance 10007" x="83" y="83" width="73" height="73"/>
	<SubTexture name="BF IDLE instance 10008" x="166" y="83" width="73" height="73"/>
	<SubTexture name="BF IDLE instance 10009" x="166" y="83" width="73" height="73"/>
	<SubTexture name="BF IDLE instance 10010" x="166" y="83" width="73" height="73"/>
	<SubTexture name="BF IDLE instance 10011" x="166" y="83" width="73" height="73"/>
	<SubTexture name="BF IDLE instance 10012" x="166" y="83" width="73" height="73"/>
	<SubTexture name="BF IDLE instance 10013" x="166" y="83" width="73" height="73"/>
	<SubTexture name="BF LEFT MISS instance 10000" x="415" y="83" width="73" height="73"/>
	<SubTexture name="BF LEFT MISS instance 10001" x="249" y="83" width="73" height="73"/>
	<SubTexture name="BF LEFT MISS instance 10002" x="249" y="83" width="73" height="73"/>
	<SubTexture name="BF LEFT MISS instance 10003" x="332" y="83" width="73" height="73"/>
	<SubTexture name="BF LEFT MISS instance 10004" x="332" y="83" width="73" height="73"/>
	<SubTexture name="BF LEFT MISS instance 10005" x="332" y="83" width="73" height="73"/>
	<SubTexture name="BF LEFT MISS instance 10006" x="332" y="83" width="73" height="73"/>
	<SubTexture name="BF LEFT MISS instance 10007" x="332" y="83" width="73" height="73"/>
	<SubTexture name="BF LEFT MISS instance 10008" x="332" y="83" width="73" height="73"/>
	<SubTexture name="BF LEFT MISS instance 10009" x="332" y="83" width="73" height="73"/>
	<SubTexture name="BF LEFT MISS instance 10010" x="332" y="83" width="73" height="73"/>
	<SubTexture name="BF LEFT MISS instance 10011" x="332" y="83" width="73" height="73"/>
	<SubTexture name="BF LEFT MISS instance 10012" x="332" y="83" width="73" height="73"/>
	<SubTexture name="BF LEFT MISS instance 10013" x="332" y="83" width="73" height="73"/>
	<SubTexture name="BF LEFT NOTE instance 10000" x="415" y="83" width="73" height="73"/>
	<SubTexture name="BF LEFT NOTE instance 10001" x="415" y="83" width="73" height="73"/>
	<SubTexture name="BF LEFT NOTE instance 10002" x="0" y="166" width="73" height="73"/>
	<SubTexture name="BF LEFT NOTE instance 10003" x="0" y="166" width="73" height="73"/>
	<SubTexture name="BF LEFT NOTE instance 10004" x="0" y="166" width="73" height="73"/>
	<SubTexture name="BF LEFT NOTE instance 10005" x="0" y="166" width="73" height="73"/>
	<SubTexture name="BF LEFT NOTE instance 10006" x="0" y="166" width="73" height="73"/>
	<SubTexture name="BF LEFT NOTE instance 10007" x="0" y="166" width="73" height="73"/>
	<SubTexture name="BF LEFT NOTE instance 10008" x="0" y="166" width="73" height="73"/>
	<SubTexture name="BF LEFT NOTE instance 10009" x="0" y="166" width="73" height="73"/>
	<SubTexture name="BF LEFT NOTE instance 10010" x="0" y="166" width="73" height="73"/>
	<SubTexture name="BF LEFT NOTE instance 10011" x="0" y="166" width="73" height="73"/>
	<SubTexture name="BF LEFT NOTE instance 10012" x="0" y="166" width="73" height="73"/>
	<SubTexture name="BF LEFT NOTE instance 10013" x="0" y="166" width="73" height="73"/>
	<SubTexture name="BF RIGHT MISS instance 10000" x="249" y="166" width="73" height="73"/>
	<SubTexture name="BF RIGHT MISS instance 10001" x="83" y="166" width="73" height="73"/>
	<SubTexture name="BF RIGHT MISS instance 10002" x="83" y="166" width="73" height="73"/>
	<SubTexture name="BF RIGHT MISS instance 10003" x="166" y="166" width="73" height="73"/>
	<SubTexture name="BF RIGHT MISS instance 10004" x="166" y="166" width="73" height="73"/>
	<SubTexture name="BF RIGHT MISS instance 10005" x="166" y="166" width="73" height="73"/>
	<SubTexture name="BF RIGHT MISS instance 10006" x="166" y="166" width="73" height="73"/>
	<SubTexture name="BF RIGHT MISS instance 10007" x="166" y="166" width="73" height="73"/>
	<SubTexture name="BF RIGHT MISS instance 10008" x="166" y="166" width="73" height="73"/>
	<SubTexture name="BF RIGHT MISS instance 10009" x="166" y="166" width="73" height="73"/>
	<SubTexture name="BF RIGHT MISS instance 10010" x="166" y="166" width="73" height="73"/>
	<SubTexture name="BF RIGHT MISS instance 10011" x="166" y="166" width="73" height="73"/>
	<SubTexture name="BF RIGHT MISS instance 10012" x="166" y="166" width="73" height="73"/>
	<SubTexture name="BF RIGHT MISS instance 10013" x="166" y="166" width="73" height="73"/>
	<SubTexture name="BF RIGHT NOTE instance 10000" x="249" y="166" width="73" height="73"/>
	<SubTexture name="BF RIGHT NOTE instance 10001" x="249" y="166" width="73" height="73"/>
	<SubTexture name="BF RIGHT NOTE instance 10002" x="332" y="166" width="73" height="73"/>
	<SubTexture name="BF RIGHT NOTE instance 10003" x="332" y="166" width="73" height="73"/>
	<SubTexture name="BF RIGHT NOTE instance 10004" x="332" y="166" width="73" height="73"/>
	<SubTexture name="BF RIGHT NOTE instance 10005" x="332" y="166" width="73" height="73"/>
	<SubTexture name="BF RIGHT NOTE instance 10006" x="332" y="166" width="73" height="73"/>
	<SubTexture name="BF RIGHT NOTE instance 10007" x="332" y="166" width="73" height="73"/>
	<SubTexture name="BF RIGHT NOTE instance 10008" x="332" y="166" width="73" height="73"/>
	<SubTexture name="BF RIGHT NOTE instance 10009" x="332" y="166" width="73" height="73"/>
	<SubTexture name="BF RIGHT NOTE instance 10010" x="332" y="166" width="73" height="73"/>
	<SubTexture name="BF RIGHT NOTE instance 10011" x="332" y="166" width="73" height="73"/>
	<SubTexture name="BF RIGHT NOTE instance 10012" x="332" y="166" width="73" height="73"/>
	<SubTexture name="BF RIGHT NOTE instance 10013" x="332" y="166" width="73" height="73"/>
	<SubTexture name="BF UP MISS instance 10000" x="83" y="249" width="73" height="73"/>
	<SubTexture name="BF UP MISS instance 10001" x="415" y="166" width="73" height="73"/>
	<SubTexture name="BF UP MISS instance 10002" x="415" y="166" width="73" height="73"/>
	<SubTexture name="BF UP MISS instance 10003" x="0" y="249" width="73" height="73"/>
	<SubTexture name="BF UP MISS instance 10004" x="0" y="249" width="73" height="73"/>
	<SubTexture name="BF UP MISS instance 10005" x="0" y="249" width="73" height="73"/>
	<SubTexture name="BF UP MISS instance 10006" x="0" y="249" width="73" height="73"/>
	<SubTexture name="BF UP MISS instance 10007" x="0" y="249" width="73" height="73"/>
	<SubTexture name="BF UP MISS instance 10008" x="0" y="249" width="73" height="73"/>
	<SubTexture name="BF UP MISS instance 10009" x="0" y="249" width="73" height="73"/>
	<SubTexture name="BF UP MISS instance 10010" x="0" y="249" width="73" height="73"/>
	<SubTexture name="BF UP MISS instance 10011" x="0" y="249" width="73" height="73"/>
	<SubTexture name="BF UP MISS instance 10012" x="0" y="249" width="73" height="73"/>
	<SubTexture name="BF UP MISS instance 10013" x="0" y="249" width="73" height="73"/>
	<SubTexture name="BF UP NOTE instance 10000" x="83" y="249" width="73" height="73"/>
	<SubTexture name="BF UP NOTE instance 10001" x="83" y="249" width="73" height="73"/>
	<SubTexture name="BF UP NOTE instance 10002" x="166" y="249" width="73" height="73"/>
	<SubTexture name="BF UP NOTE instance 10003" x="166" y="249" width="73" height="73"/>
	<SubTexture name="BF UP NOTE instance 10004" x="166" y="249" width="73" height="73"/>
	<SubTexture name="BF UP NOTE instance 10005" x="166" y="249" width="73" height="73"/>
	<SubTexture name="BF UP NOTE instance 10006" x="166" y="249" width="73" height="73"/>
	<SubTexture name="BF UP NOTE instance 10007" x="166" y="249" width="73" height="73"/>
	<SubTexture name="BF UP NOTE instance 10008" x="166" y="249" width="73" height="73"/>
	<SubTexture name="BF UP NOTE instance 10009" x="166" y="249" width="73" height="73"/>
	<SubTexture name="BF UP NOTE instance 10010" x="166" y="249" width="73" height="73"/>
	<SubTexture name="BF UP NOTE instance 10011" x="166" y="249" width="73" height="73"/>
	<SubTexture name="BF UP NOTE instance 10012" x="166" y="249" width="73" height="73"/>
	<SubTexture name="BF UP NOTE instance 10013" x="166" y="249" width="73" height="73"/>
</TextureAtlas>
