﻿<?xml version="1.0" encoding="utf-8"?>
<TextureAtlas imagePath="senpaiCrazy.png">
	<!-- Created with Adobe Animate version 20.0.0.17400 -->
	<!-- http://www.adobe.com/products/animate.html -->
	<SubTexture name="Senpai Pre Explosion instance 10000" x="0" y="0" width="234" height="168" frameX="-18" frameY="0" frameWidth="252" frameHeight="168"/>
	<SubTexture name="Senpai Pre Explosion instance 10001" x="244" y="0" width="230" height="164" frameX="-18" frameY="0" frameWidth="252" frameHeight="168"/>
	<SubTexture name="Senpai Pre Explosion instance 10002" x="244" y="0" width="230" height="164" frameX="-18" frameY="0" frameWidth="252" frameHeight="168"/>
	<SubTexture name="Senpai Pre Explosion instance 10003" x="484" y="0" width="230" height="164" frameX="-18" frameY="0" frameWidth="252" frameHeight="168"/>
	<SubTexture name="Senpai Pre Explosion instance 10004" x="484" y="0" width="230" height="164" frameX="-18" frameY="0" frameWidth="252" frameHeight="168"/>
	<SubTexture name="Senpai Pre Explosion instance 10005" x="484" y="0" width="230" height="164" frameX="-18" frameY="0" frameWidth="252" frameHeight="168"/>
	<SubTexture name="Senpai Pre Explosion instance 10006" x="724" y="0" width="230" height="164" frameX="-18" frameY="0" frameWidth="252" frameHeight="168"/>
	<SubTexture name="Senpai Pre Explosion instance 10007" x="724" y="0" width="230" height="164" frameX="-18" frameY="0" frameWidth="252" frameHeight="168"/>
	<SubTexture name="Senpai Pre Explosion instance 10008" x="0" y="178" width="230" height="164" frameX="-18" frameY="0" frameWidth="252" frameHeight="168"/>
	<SubTexture name="Senpai Pre Explosion instance 10009" x="240" y="178" width="230" height="164" frameX="-18" frameY="0" frameWidth="252" frameHeight="168"/>
	<SubTexture name="Senpai Pre Explosion instance 10010" x="240" y="178" width="230" height="164" frameX="-18" frameY="0" frameWidth="252" frameHeight="168"/>
	<SubTexture name="Senpai Pre Explosion instance 10011" x="480" y="178" width="230" height="164" frameX="-18" frameY="0" frameWidth="252" frameHeight="168"/>
	<SubTexture name="Senpai Pre Explosion instance 10012" x="480" y="178" width="230" height="164" frameX="-18" frameY="0" frameWidth="252" frameHeight="168"/>
	<SubTexture name="Senpai Pre Explosion instance 10013" x="480" y="178" width="230" height="164" frameX="-18" frameY="0" frameWidth="252" frameHeight="168"/>
	<SubTexture name="Senpai Pre Explosion instance 10014" x="480" y="178" width="230" height="164" frameX="-18" frameY="0" frameWidth="252" frameHeight="168"/>
	<SubTexture name="Senpai Pre Explosion instance 10015" x="480" y="178" width="230" height="164" frameX="-18" frameY="0" frameWidth="252" frameHeight="168"/>
	<SubTexture name="Senpai Pre Explosion instance 10016" x="480" y="178" width="230" height="164" frameX="-18" frameY="0" frameWidth="252" frameHeight="168"/>
	<SubTexture name="Senpai Pre Explosion instance 10017" x="720" y="178" width="230" height="164" frameX="-18" frameY="0" frameWidth="252" frameHeight="168"/>
	<SubTexture name="Senpai Pre Explosion instance 10018" x="720" y="178" width="230" height="164" frameX="-18" frameY="0" frameWidth="252" frameHeight="168"/>
	<SubTexture name="Senpai Pre Explosion instance 10019" x="480" y="178" width="230" height="164" frameX="-18" frameY="0" frameWidth="252" frameHeight="168"/>
	<SubTexture name="Senpai Pre Explosion instance 10020" x="480" y="178" width="230" height="164" frameX="-18" frameY="0" frameWidth="252" frameHeight="168"/>
	<SubTexture name="Senpai Pre Explosion instance 10021" x="480" y="178" width="230" height="164" frameX="-18" frameY="0" frameWidth="252" frameHeight="168"/>
	<SubTexture name="Senpai Pre Explosion instance 10022" x="480" y="178" width="230" height="164" frameX="-18" frameY="0" frameWidth="252" frameHeight="168"/>
	<SubTexture name="Senpai Pre Explosion instance 10023" x="480" y="178" width="230" height="164" frameX="-18" frameY="0" frameWidth="252" frameHeight="168"/>
	<SubTexture name="Senpai Pre Explosion instance 10024" x="480" y="178" width="230" height="164" frameX="-18" frameY="0" frameWidth="252" frameHeight="168"/>
	<SubTexture name="Senpai Pre Explosion instance 10025" x="0" y="352" width="230" height="164" frameX="-18" frameY="0" frameWidth="252" frameHeight="168"/>
	<SubTexture name="Senpai Pre Explosion instance 10026" x="0" y="352" width="230" height="164" frameX="-18" frameY="0" frameWidth="252" frameHeight="168"/>
	<SubTexture name="Senpai Pre Explosion instance 10027" x="480" y="178" width="230" height="164" frameX="-18" frameY="0" frameWidth="252" frameHeight="168"/>
	<SubTexture name="Senpai Pre Explosion instance 10028" x="480" y="178" width="230" height="164" frameX="-18" frameY="0" frameWidth="252" frameHeight="168"/>
	<SubTexture name="Senpai Pre Explosion instance 10029" x="480" y="178" width="230" height="164" frameX="-18" frameY="0" frameWidth="252" frameHeight="168"/>
	<SubTexture name="Senpai Pre Explosion instance 10030" x="480" y="178" width="230" height="164" frameX="-18" frameY="0" frameWidth="252" frameHeight="168"/>
	<SubTexture name="Senpai Pre Explosion instance 10031" x="720" y="178" width="230" height="164" frameX="-18" frameY="0" frameWidth="252" frameHeight="168"/>
	<SubTexture name="Senpai Pre Explosion instance 10032" x="480" y="178" width="230" height="164" frameX="-18" frameY="0" frameWidth="252" frameHeight="168"/>
	<SubTexture name="Senpai Pre Explosion instance 10033" x="480" y="178" width="230" height="164" frameX="-18" frameY="0" frameWidth="252" frameHeight="168"/>
	<SubTexture name="Senpai Pre Explosion instance 10034" x="480" y="178" width="230" height="164" frameX="-18" frameY="0" frameWidth="252" frameHeight="168"/>
	<SubTexture name="Senpai Pre Explosion instance 10035" x="0" y="352" width="230" height="164" frameX="-18" frameY="0" frameWidth="252" frameHeight="168"/>
	<SubTexture name="Senpai Pre Explosion instance 10036" x="480" y="178" width="230" height="164" frameX="-18" frameY="0" frameWidth="252" frameHeight="168"/>
	<SubTexture name="Senpai Pre Explosion instance 10037" x="480" y="178" width="230" height="164" frameX="-18" frameY="0" frameWidth="252" frameHeight="168"/>
	<SubTexture name="Senpai Pre Explosion instance 10038" x="480" y="178" width="230" height="164" frameX="-18" frameY="0" frameWidth="252" frameHeight="168"/>
	<SubTexture name="Senpai Pre Explosion instance 10039" x="480" y="178" width="230" height="164" frameX="-18" frameY="0" frameWidth="252" frameHeight="168"/>
	<SubTexture name="Senpai Pre Explosion instance 10040" x="0" y="352" width="230" height="164" frameX="-18" frameY="0" frameWidth="252" frameHeight="168"/>
	<SubTexture name="Senpai Pre Explosion instance 10041" x="0" y="352" width="230" height="164" frameX="-18" frameY="0" frameWidth="252" frameHeight="168"/>
	<SubTexture name="Senpai Pre Explosion instance 10042" x="0" y="352" width="230" height="164" frameX="-18" frameY="0" frameWidth="252" frameHeight="168"/>
	<SubTexture name="Senpai Pre Explosion instance 10043" x="0" y="352" width="230" height="164" frameX="-18" frameY="0" frameWidth="252" frameHeight="168"/>
	<SubTexture name="Senpai Pre Explosion instance 10044" x="720" y="178" width="230" height="164" frameX="-18" frameY="0" frameWidth="252" frameHeight="168"/>
	<SubTexture name="Senpai Pre Explosion instance 10045" x="0" y="352" width="230" height="164" frameX="-18" frameY="0" frameWidth="252" frameHeight="168"/>
	<SubTexture name="Senpai Pre Explosion instance 10046" x="480" y="178" width="230" height="164" frameX="-18" frameY="0" frameWidth="252" frameHeight="168"/>
	<SubTexture name="Senpai Pre Explosion instance 10047" x="480" y="178" width="230" height="164" frameX="-18" frameY="0" frameWidth="252" frameHeight="168"/>
	<SubTexture name="Senpai Pre Explosion instance 10048" x="720" y="178" width="230" height="164" frameX="-18" frameY="0" frameWidth="252" frameHeight="168"/>
	<SubTexture name="Senpai Pre Explosion instance 10049" x="0" y="352" width="230" height="164" frameX="-18" frameY="0" frameWidth="252" frameHeight="168"/>
	<SubTexture name="Senpai Pre Explosion instance 10050" x="0" y="352" width="230" height="164" frameX="-18" frameY="0" frameWidth="252" frameHeight="168"/>
	<SubTexture name="Senpai Pre Explosion instance 10051" x="720" y="178" width="230" height="164" frameX="-18" frameY="0" frameWidth="252" frameHeight="168"/>
	<SubTexture name="Senpai Pre Explosion instance 10052" x="0" y="352" width="230" height="164" frameX="-18" frameY="0" frameWidth="252" frameHeight="168"/>
	<SubTexture name="Senpai Pre Explosion instance 10053" x="480" y="178" width="230" height="164" frameX="-18" frameY="0" frameWidth="252" frameHeight="168"/>
	<SubTexture name="Senpai Pre Explosion instance 10054" x="720" y="178" width="230" height="164" frameX="-18" frameY="0" frameWidth="252" frameHeight="168"/>
	<SubTexture name="Senpai Pre Explosion instance 10055" x="0" y="352" width="230" height="164" frameX="-18" frameY="0" frameWidth="252" frameHeight="168"/>
	<SubTexture name="Senpai Pre Explosion instance 10056" x="480" y="178" width="230" height="164" frameX="-18" frameY="0" frameWidth="252" frameHeight="168"/>
	<SubTexture name="Senpai Pre Explosion instance 10057" x="240" y="352" width="230" height="164" frameX="0" frameY="0" frameWidth="252" frameHeight="168"/>
	<SubTexture name="Senpai Pre Explosion instance 10058" x="480" y="352" width="230" height="164" frameX="0" frameY="-3" frameWidth="252" frameHeight="168"/>
	<SubTexture name="Senpai Pre Explosion instance 10059" x="720" y="352" width="230" height="164" frameX="0" frameY="-3" frameWidth="252" frameHeight="168"/>
	<SubTexture name="Senpai Pre Explosion instance 10060" x="0" y="526" width="230" height="164" frameX="0" frameY="-3" frameWidth="252" frameHeight="168"/>
	<SubTexture name="Senpai Pre Explosion instance 10061" x="480" y="352" width="230" height="164" frameX="0" frameY="-3" frameWidth="252" frameHeight="168"/>
	<SubTexture name="Senpai Pre Explosion instance 10062" x="720" y="352" width="230" height="164" frameX="0" frameY="-3" frameWidth="252" frameHeight="168"/>
	<SubTexture name="Senpai Pre Explosion instance 10063" x="0" y="526" width="230" height="164" frameX="0" frameY="-3" frameWidth="252" frameHeight="168"/>
	<SubTexture name="Senpai Pre Explosion instance 10064" x="480" y="352" width="230" height="164" frameX="0" frameY="-3" frameWidth="252" frameHeight="168"/>
	<SubTexture name="Senpai Pre Explosion instance 10065" x="720" y="352" width="230" height="164" frameX="0" frameY="-3" frameWidth="252" frameHeight="168"/>
	<SubTexture name="Senpai Pre Explosion instance 10066" x="0" y="526" width="230" height="164" frameX="0" frameY="-3" frameWidth="252" frameHeight="168"/>
	<SubTexture name="Senpai Pre Explosion instance 10067" x="480" y="352" width="230" height="164" frameX="0" frameY="-3" frameWidth="252" frameHeight="168"/>
	<SubTexture name="Senpai Pre Explosion instance 10068" x="720" y="352" width="230" height="164" frameX="0" frameY="-3" frameWidth="252" frameHeight="168"/>
	<SubTexture name="Senpai Pre Explosion instance 10069" x="0" y="526" width="230" height="164" frameX="0" frameY="-3" frameWidth="252" frameHeight="168"/>
	<SubTexture name="Senpai Pre Explosion instance 10070" x="480" y="352" width="230" height="164" frameX="0" frameY="-3" frameWidth="252" frameHeight="168"/>
	<SubTexture name="Senpai Pre Explosion instance 10071" x="720" y="352" width="230" height="164" frameX="0" frameY="-3" frameWidth="252" frameHeight="168"/>
	<SubTexture name="Senpai Pre Explosion instance 10072" x="0" y="526" width="230" height="164" frameX="0" frameY="-3" frameWidth="252" frameHeight="168"/>
	<SubTexture name="Senpai Pre Explosion instance 10073" x="480" y="352" width="230" height="164" frameX="0" frameY="-3" frameWidth="252" frameHeight="168"/>
	<SubTexture name="Senpai Pre Explosion instance 10074" x="720" y="352" width="230" height="164" frameX="0" frameY="-3" frameWidth="252" frameHeight="168"/>
	<SubTexture name="Senpai Pre Explosion instance 10075" x="0" y="526" width="230" height="164" frameX="0" frameY="-3" frameWidth="252" frameHeight="168"/>
	<SubTexture name="Senpai Pre Explosion instance 10076" x="480" y="352" width="230" height="164" frameX="0" frameY="-3" frameWidth="252" frameHeight="168"/>
	<SubTexture name="Senpai Pre Explosion instance 10077" x="720" y="352" width="230" height="164" frameX="0" frameY="-3" frameWidth="252" frameHeight="168"/>
	<SubTexture name="Senpai Pre Explosion instance 10078" x="0" y="526" width="230" height="164" frameX="0" frameY="-3" frameWidth="252" frameHeight="168"/>
	<SubTexture name="Senpai Pre Explosion instance 10079" x="480" y="352" width="230" height="164" frameX="0" frameY="-3" frameWidth="252" frameHeight="168"/>
	<SubTexture name="Senpai Pre Explosion instance 10080" x="720" y="352" width="230" height="164" frameX="0" frameY="-3" frameWidth="252" frameHeight="168"/>
	<SubTexture name="Senpai Pre Explosion instance 10081" x="0" y="526" width="230" height="164" frameX="0" frameY="-3" frameWidth="252" frameHeight="168"/>
	<SubTexture name="Senpai Pre Explosion instance 10082" x="480" y="352" width="230" height="164" frameX="0" frameY="-3" frameWidth="252" frameHeight="168"/>
	<SubTexture name="Senpai Pre Explosion instance 10083" x="720" y="352" width="230" height="164" frameX="0" frameY="-3" frameWidth="252" frameHeight="168"/>
	<SubTexture name="Senpai Pre Explosion instance 10084" x="0" y="526" width="230" height="164" frameX="0" frameY="-3" frameWidth="252" frameHeight="168"/>
	<SubTexture name="Senpai Pre Explosion instance 10085" x="480" y="352" width="230" height="164" frameX="0" frameY="-3" frameWidth="252" frameHeight="168"/>
	<SubTexture name="Senpai Pre Explosion instance 10086" x="720" y="352" width="230" height="164" frameX="0" frameY="-3" frameWidth="252" frameHeight="168"/>
	<SubTexture name="Senpai Pre Explosion instance 10087" x="0" y="526" width="230" height="164" frameX="0" frameY="-3" frameWidth="252" frameHeight="168"/>
	<SubTexture name="Senpai Pre Explosion instance 10088" x="480" y="352" width="230" height="164" frameX="0" frameY="-3" frameWidth="252" frameHeight="168"/>
	<SubTexture name="Senpai Pre Explosion instance 10089" x="720" y="352" width="230" height="164" frameX="0" frameY="-3" frameWidth="252" frameHeight="168"/>
	<SubTexture name="Senpai Pre Explosion instance 10090" x="0" y="526" width="230" height="164" frameX="0" frameY="-3" frameWidth="252" frameHeight="168"/>
	<SubTexture name="Senpai Pre Explosion instance 10091" x="480" y="352" width="230" height="164" frameX="0" frameY="-3" frameWidth="252" frameHeight="168"/>
	<SubTexture name="Senpai Pre Explosion instance 10092" x="720" y="352" width="230" height="164" frameX="0" frameY="-3" frameWidth="252" frameHeight="168"/>
	<SubTexture name="Senpai Pre Explosion instance 10093" x="0" y="526" width="230" height="164" frameX="0" frameY="-3" frameWidth="252" frameHeight="168"/>
	<SubTexture name="Senpai Pre Explosion instance 10094" x="480" y="352" width="230" height="164" frameX="0" frameY="-3" frameWidth="252" frameHeight="168"/>
	<SubTexture name="Senpai Pre Explosion instance 10095" x="720" y="352" width="230" height="164" frameX="0" frameY="-3" frameWidth="252" frameHeight="168"/>
	<SubTexture name="Senpai Pre Explosion instance 10096" x="0" y="526" width="230" height="164" frameX="0" frameY="-3" frameWidth="252" frameHeight="168"/>
	<SubTexture name="Senpai Pre Explosion instance 10097" x="480" y="352" width="230" height="164" frameX="0" frameY="-3" frameWidth="252" frameHeight="168"/>
	<SubTexture name="Senpai Pre Explosion instance 10098" x="720" y="352" width="230" height="164" frameX="0" frameY="-3" frameWidth="252" frameHeight="168"/>
	<SubTexture name="Senpai Pre Explosion instance 10099" x="0" y="526" width="230" height="164" frameX="0" frameY="-3" frameWidth="252" frameHeight="168"/>
	<SubTexture name="Senpai Pre Explosion instance 10100" x="480" y="352" width="230" height="164" frameX="0" frameY="-3" frameWidth="252" frameHeight="168"/>
	<SubTexture name="Senpai Pre Explosion instance 10101" x="720" y="352" width="230" height="164" frameX="0" frameY="-3" frameWidth="252" frameHeight="168"/>
	<SubTexture name="Senpai Pre Explosion instance 10102" x="0" y="526" width="230" height="164" frameX="0" frameY="-3" frameWidth="252" frameHeight="168"/>
	<SubTexture name="Senpai Pre Explosion instance 10103" x="480" y="352" width="230" height="164" frameX="0" frameY="-3" frameWidth="252" frameHeight="168"/>
	<SubTexture name="Senpai Pre Explosion instance 10104" x="720" y="352" width="230" height="164" frameX="0" frameY="-3" frameWidth="252" frameHeight="168"/>
	<SubTexture name="Senpai Pre Explosion instance 10105" x="0" y="526" width="230" height="164" frameX="0" frameY="-3" frameWidth="252" frameHeight="168"/>
	<SubTexture name="Senpai Pre Explosion instance 10106" x="480" y="352" width="230" height="164" frameX="0" frameY="-3" frameWidth="252" frameHeight="168"/>
	<SubTexture name="Senpai Pre Explosion instance 10107" x="720" y="352" width="230" height="164" frameX="0" frameY="-3" frameWidth="252" frameHeight="168"/>
	<SubTexture name="Senpai Pre Explosion instance 10108" x="0" y="526" width="230" height="164" frameX="0" frameY="-3" frameWidth="252" frameHeight="168"/>
	<SubTexture name="Senpai Pre Explosion instance 10109" x="480" y="352" width="230" height="164" frameX="0" frameY="-3" frameWidth="252" frameHeight="168"/>
	<SubTexture name="Senpai Pre Explosion instance 10110" x="720" y="352" width="230" height="164" frameX="0" frameY="-3" frameWidth="252" frameHeight="168"/>
	<SubTexture name="Senpai Pre Explosion instance 10111" x="0" y="526" width="230" height="164" frameX="0" frameY="-3" frameWidth="252" frameHeight="168"/>
	<SubTexture name="Senpai Pre Explosion instance 10112" x="480" y="352" width="230" height="164" frameX="0" frameY="-3" frameWidth="252" frameHeight="168"/>
	<SubTexture name="Senpai Pre Explosion instance 10113" x="720" y="352" width="230" height="164" frameX="0" frameY="-3" frameWidth="252" frameHeight="168"/>
	<SubTexture name="Senpai Pre Explosion instance 10114" x="0" y="526" width="230" height="164" frameX="0" frameY="-3" frameWidth="252" frameHeight="168"/>
	<SubTexture name="Senpai Pre Explosion instance 10115" x="480" y="352" width="230" height="164" frameX="0" frameY="-3" frameWidth="252" frameHeight="168"/>
	<SubTexture name="Senpai Pre Explosion instance 10116" x="720" y="352" width="230" height="164" frameX="0" frameY="-3" frameWidth="252" frameHeight="168"/>
	<SubTexture name="Senpai Pre Explosion instance 10117" x="0" y="526" width="230" height="164" frameX="0" frameY="-3" frameWidth="252" frameHeight="168"/>
	<SubTexture name="Senpai Pre Explosion instance 10118" x="480" y="352" width="230" height="164" frameX="0" frameY="-3" frameWidth="252" frameHeight="168"/>
	<SubTexture name="Senpai Pre Explosion instance 10119" x="720" y="352" width="230" height="164" frameX="0" frameY="-3" frameWidth="252" frameHeight="168"/>
	<SubTexture name="Senpai Pre Explosion instance 10120" x="0" y="526" width="230" height="164" frameX="0" frameY="-3" frameWidth="252" frameHeight="168"/>
	<SubTexture name="Senpai Pre Explosion instance 10121" x="480" y="352" width="230" height="164" frameX="0" frameY="-3" frameWidth="252" frameHeight="168"/>
	<SubTexture name="Senpai Pre Explosion instance 10122" x="720" y="352" width="230" height="164" frameX="0" frameY="-3" frameWidth="252" frameHeight="168"/>
	<SubTexture name="Senpai Pre Explosion instance 10123" x="0" y="526" width="230" height="164" frameX="0" frameY="-3" frameWidth="252" frameHeight="168"/>
	<SubTexture name="Senpai Pre Explosion instance 10124" x="480" y="352" width="230" height="164" frameX="0" frameY="-3" frameWidth="252" frameHeight="168"/>
</TextureAtlas>
